{"fx": 615.5962524414062, "fy": 615.8560791015625, "ppx": 317.23577880859375, "ppy": 242.35028076171875, "height": 480, "width": 640, "depth_scale": 0.0010000000474974513}